{"cameraMode":{"drawMode":0,"name":"Shaded","section":"Shading Mode"},"sceneLighting":false,"audioPlay":false,"sceneViewState":{"showFog":true,"showMaterialUpdate":false,"showSkybox":true,"showFlares":true,"showImageEffects":true,"showParticleSystems":true,"showVisualEffectGraphs":true,"m_FxEnabled":true},"in2DMode":false,"pivot":{"x":7.042544364929199,"y":1.8184514045715333,"z":14.161357879638672},"rotation":{"x":-0.16307689249515534,"y":0.0035492065362632276,"z":-0.0005874444032087922,"w":-0.9866132140159607},"size":3.007394790649414,"orthographic":false}