{"cameraMode":{"drawMode":0,"name":"Shaded","section":"Shading Mode"},"sceneLighting":false,"audioPlay":false,"sceneViewState":{"showFog":true,"showMaterialUpdate":false,"showSkybox":false,"showFlares":true,"showImageEffects":true,"showParticleSystems":true,"showVisualEffectGraphs":true,"m_FxEnabled":true},"in2DMode":false,"pivot":{"x":2.5232391357421877,"y":0.9609237909317017,"z":4.107816696166992},"rotation":{"x":-0.009738319553434849,"y":0.9694045186042786,"z":-0.24217714369297028,"w":-0.03899044543504715},"size":1.1928118467330933,"orthographic":false}