{"cameraMode":{"drawMode":0,"name":"Shaded","section":"Shading Mode"},"sceneLighting":false,"audioPlay":false,"sceneViewState":{"showFog":true,"showMaterialUpdate":false,"showSkybox":false,"showFlares":true,"showImageEffects":true,"showParticleSystems":true},"in2DMode":false,"pivot":{"x":2.3483409881591799,"y":0.64453125,"z":4.723214149475098},"rotation":{"x":0.4523164927959442,"y":-0.13026294112205506,"z":0.06697377562522888,"w":0.8797482252120972},"size":3.936279058456421,"orthographic":true}