{"cameraMode":{"drawMode":0,"name":"Shaded","section":"Shading Mode"},"sceneLighting":false,"audioPlay":false,"sceneViewState":{"showFog":true,"showMaterialUpdate":false,"showSkybox":false,"showFlares":true,"showImageEffects":true,"showParticleSystems":true},"in2DMode":false,"pivot":{"x":5.630000114440918,"y":0.568000078201294,"z":7.010000228881836},"rotation":{"x":0.6429902911186218,"y":0.0011488040909171105,"z":-0.0009644782403483987,"w":0.7658717632293701},"size":2.8578836917877199,"orthographic":true}