{"cameraMode":{"drawMode":0,"name":"Shaded","section":"Shading Mode"},"sceneLighting":true,"audioPlay":false,"sceneViewState":{"showFog":true,"showMaterialUpdate":false,"showSkybox":true,"showFlares":true,"showImageEffects":true,"showParticleSystems":true},"in2DMode":false,"pivot":{"x":-7.694716453552246,"y":-1.8480091094970704,"z":-7.795254707336426},"rotation":{"x":-0.035917069762945178,"y":0.9376636147499085,"z":-0.10195714980363846,"w":-0.33031418919563296},"size":11.496971130371094,"orthographic":false}